date,Set
2021-02-03,Train
2021-02-04,Train
2021-02-05,Train
2021-02-08,Train
2021-02-09,Train
2021-02-10,Train
2021-02-11,Train
2021-02-12,Train
2021-02-16,Train
2021-02-17,Train
2021-02-18,Train
2021-02-19,Train
2021-02-22,Train
2021-02-23,Train
2021-02-24,Train
2021-02-25,Train
2021-02-26,Train
2021-03-01,Train
2021-03-02,Train
2021-03-03,Train
2021-03-04,Train
2021-03-05,Train
2021-03-08,Train
2021-03-09,Train
2021-03-10,Train
2021-03-11,Train
2021-03-12,Train
2021-03-15,Train
2021-03-16,Train
2021-03-17,Train
2021-03-18,Train
2021-03-19,Train
2021-03-22,Train
2021-03-23,Train
2021-03-24,Train
2021-03-25,Train
2021-03-26,Train
2021-03-29,Train
2021-03-30,Train
2021-03-31,Train
2021-04-01,Train
2021-04-05,Train
2021-04-06,Train
2021-04-07,Train
2021-04-08,Train
2021-04-09,Train
2021-04-12,Train
2021-04-13,Train
2021-04-14,Train
2021-04-15,Train
2021-04-16,Train
2021-04-19,Train
2021-04-20,Train
2021-04-21,Train
2021-04-22,Train
2021-04-23,Train
2021-04-26,Train
2021-04-27,Train
2021-04-28,Train
2021-04-29,Train
2021-04-30,Train
2021-05-03,Train
2021-05-04,Train
2021-05-05,Train
2021-05-06,Train
2021-05-07,Train
2021-05-10,Train
2021-05-11,Train
2021-05-12,Train
2021-05-13,Train
2021-05-14,Train
2021-05-17,Train
2021-05-18,Train
2021-05-19,Train
2021-05-20,Train
2021-05-21,Train
2021-05-24,Train
2021-05-25,Train
2021-05-26,Train
2021-05-27,Train
2021-05-28,Train
2021-06-01,Train
2021-06-02,Train
2021-06-03,Train
2021-06-04,Train
2021-06-07,Train
2021-06-08,Train
2021-06-09,Train
2021-06-10,Train
2021-06-11,Train
2021-06-14,Train
2021-06-15,Train
2021-06-16,Train
2021-06-17,Train
2021-06-18,Train
2021-06-21,Train
2021-06-22,Train
2021-06-23,Train
2021-06-24,Train
2021-06-25,Train
2021-06-28,Train
2021-06-29,Train
2021-06-30,Train
2021-07-01,Train
2021-07-02,Train
2021-07-06,Train
2021-07-07,Train
2021-07-08,Train
2021-07-09,Train
2021-07-12,Train
2021-07-13,Train
2021-07-14,Train
2021-07-15,Train
2021-07-16,Train
2021-07-19,Train
2021-07-20,Train
2021-07-21,Train
2021-07-22,Train
2021-07-23,Train
2021-07-26,Train
2021-07-27,Train
2021-07-28,Train
2021-07-29,Train
2021-07-30,Train
2021-08-02,Train
2021-08-03,Train
2021-08-04,Train
2021-08-05,Train
2021-08-06,Train
2021-08-09,Train
2021-08-10,Train
2021-08-11,Train
2021-08-12,Train
2021-08-13,Train
2021-08-16,Train
2021-08-17,Train
2021-08-18,Train
2021-08-19,Train
2021-08-20,Train
2021-08-23,Train
2021-08-24,Train
2021-08-25,Train
2021-08-26,Train
2021-08-27,Train
2021-08-30,Train
2021-08-31,Train
2021-09-01,Train
2021-09-02,Train
2021-09-03,Train
2021-09-07,Train
2021-09-08,Train
2021-09-09,Train
2021-09-10,Train
2021-09-13,Train
2021-09-14,Train
2021-09-15,Train
2021-09-16,Train
2021-09-17,Train
2021-09-20,Train
2021-09-21,Train
2021-09-22,Train
2021-09-23,Train
2021-09-24,Train
2021-09-27,Train
2021-09-28,Train
2021-09-29,Train
2021-09-30,Train
2021-10-01,Train
2021-10-04,Train
2021-10-05,Train
2021-10-06,Train
2021-10-07,Train
2021-10-08,Train
2021-10-11,Train
2021-10-12,Train
2021-10-13,Train
2021-10-14,Train
2021-10-15,Train
2021-10-18,Train
2021-10-19,Train
2021-10-20,Train
2021-10-21,Train
2021-10-22,Train
2021-10-25,Train
2021-10-26,Train
2021-10-27,Train
2021-10-28,Train
2021-10-29,Train
2021-11-01,Train
2021-11-02,Train
2021-11-03,Train
2021-11-04,Train
2021-11-05,Train
2021-11-08,Train
2021-11-09,Train
2021-11-10,Train
2021-11-11,Train
2021-11-12,Train
2021-11-15,Train
2021-11-16,Train
2021-11-17,Train
2021-11-18,Train
2021-11-19,Train
2021-11-22,Train
2021-11-23,Train
2021-11-24,Train
2021-11-26,Train
2021-11-29,Train
2021-11-30,Train
2021-12-01,Train
2021-12-02,Train
2021-12-03,Train
2021-12-06,Train
2021-12-07,Train
2021-12-08,Train
2021-12-09,Train
2021-12-10,Train
2021-12-13,Train
2021-12-14,Train
2021-12-15,Train
2021-12-16,Train
2021-12-17,Train
2021-12-20,Train
2021-12-21,Train
2021-12-22,Train
2021-12-23,Train
2021-12-27,Train
2021-12-28,Train
2021-12-29,Train
2021-12-30,Train
2021-12-31,Train
2022-01-03,Train
2022-01-04,Train
2022-01-05,Train
2022-01-06,Train
2022-01-07,Train
2022-01-10,Train
2022-01-11,Train
2022-01-12,Train
2022-01-13,Train
2022-01-14,Train
2022-01-18,Train
2022-01-19,Train
2022-01-20,Train
2022-01-21,Train
2022-01-24,Train
2022-01-25,Train
2022-01-26,Train
2022-01-27,Train
2022-01-28,Train
2022-01-31,Train
2022-02-01,Train
2022-02-02,Train
2022-02-03,Train
2022-02-04,Train
2022-02-07,Train
2022-02-08,Train
2022-02-09,Train
2022-02-10,Train
2022-02-11,Train
2022-02-14,Train
2022-02-15,Train
2022-02-16,Train
2022-02-17,Train
2022-02-18,Train
2022-02-22,Train
2022-02-23,Train
2022-02-24,Train
2022-02-25,Train
2022-02-28,Train
2022-03-01,Train
2022-03-02,Train
2022-03-03,Train
2022-03-04,Train
2022-03-07,Train
2022-03-08,Train
2022-03-09,Train
2022-03-10,Train
2022-03-11,Train
2022-03-14,Train
2022-03-15,Train
2022-03-16,Train
2022-03-17,Train
2022-03-18,Train
2022-03-21,Train
2022-03-22,Train
2022-03-23,Train
2022-03-24,Train
2022-03-25,Train
2022-03-28,Train
2022-03-29,Train
2022-03-30,Train
2022-03-31,Train
2022-04-01,Train
2022-04-04,Train
2022-04-05,Train
2022-04-06,Train
2022-04-07,Train
2022-04-08,Train
2022-04-11,Train
2022-04-12,Train
2022-04-13,Train
2022-04-14,Train
2022-04-18,Train
2022-04-19,Train
2022-04-20,Train
2022-04-21,Train
2022-04-22,Train
2022-04-25,Train
2022-04-26,Train
2022-04-27,Train
2022-04-28,Train
2022-04-29,Train
2022-05-02,Train
2022-05-03,Train
2022-05-04,Train
2022-05-05,Train
2022-05-06,Train
2022-05-09,Train
2022-05-10,Train
2022-05-11,Train
2022-05-12,Train
2022-05-13,Train
2022-05-16,Train
2022-05-17,Train
2022-05-18,Train
2022-05-19,Train
2022-05-20,Train
2022-05-23,Train
2022-05-24,Train
2022-05-25,Train
2022-05-26,Train
2022-05-27,Train
2022-05-31,Train
2022-06-01,Train
2022-06-02,Train
2022-06-03,Train
2022-06-06,Train
2022-06-07,Train
2022-06-08,Train
2022-06-09,Train
2022-06-10,Train
2022-06-13,Train
2022-06-14,Train
2022-06-15,Train
2022-06-16,Train
2022-06-17,Train
2022-06-21,Train
2022-06-22,Train
2022-06-23,Train
2022-06-24,Train
2022-06-27,Train
2022-06-28,Train
2022-06-29,Train
2022-06-30,Train
2022-07-01,Train
2022-07-05,Train
2022-07-06,Train
2022-07-07,Train
2022-07-08,Train
2022-07-11,Train
2022-07-12,Train
2022-07-13,Train
2022-07-14,Train
2022-07-15,Train
2022-07-18,Train
2022-07-19,Train
2022-07-20,Train
2022-07-21,Train
2022-07-22,Train
2022-07-25,Train
2022-07-26,Train
2022-07-27,Train
2022-07-28,Train
2022-07-29,Train
2022-08-01,Train
2022-08-02,Train
2022-08-03,Train
2022-08-04,Train
2022-08-05,Train
2022-08-08,Train
2022-08-09,Train
2022-08-10,Train
2022-08-11,Train
2022-08-12,Train
2022-08-15,Train
2022-08-16,Train
2022-08-17,Train
2022-08-18,Train
2022-08-19,Train
2022-08-22,Train
2022-08-23,Train
2022-08-24,Train
2022-08-25,Train
2022-08-26,Train
2022-08-29,Train
2022-08-30,Train
2022-08-31,Train
2022-09-01,Train
2022-09-02,Train
2022-09-06,Train
2022-09-07,Train
2022-09-08,Train
2022-09-09,Train
2022-09-12,Train
2022-09-13,Train
2022-09-14,Train
2022-09-15,Train
2022-09-16,Train
2022-09-19,Train
2022-09-20,Train
2022-09-21,Train
2022-09-22,Train
2022-09-23,Train
2022-09-26,Train
2022-09-27,Train
2022-09-28,Train
2022-09-29,Train
2022-09-30,Train
2022-10-03,Train
2022-10-04,Train
2022-10-05,Train
2022-10-06,Train
2022-10-07,Train
2022-10-10,Train
2022-10-11,Train
2022-10-12,Train
2022-10-13,Train
2022-10-14,Train
2022-10-17,Train
2022-10-18,Train
2022-10-19,Train
2022-10-20,Train
2022-10-21,Train
2022-10-24,Train
2022-10-25,Train
2022-10-26,Train
2022-10-27,Train
2022-10-28,Train
2022-10-31,Train
2022-11-01,Train
2022-11-02,Train
2022-11-03,Train
2022-11-04,Train
2022-11-07,Train
2022-11-08,Train
2022-11-09,Train
2022-11-10,Train
2022-11-11,Train
2022-11-14,Train
2022-11-15,Train
2022-11-16,Train
2022-11-17,Train
2022-11-18,Train
2022-11-21,Train
2022-11-22,Train
2022-11-23,Train
2022-11-25,Train
2022-11-28,Train
2022-11-29,Train
2022-11-30,Train
2022-12-01,Train
2022-12-02,Train
2022-12-05,Train
2022-12-06,Train
2022-12-07,Train
2022-12-08,Train
2022-12-09,Train
2022-12-12,Train
2022-12-13,Train
2022-12-14,Train
2022-12-15,Train
2022-12-16,Train
2022-12-19,Train
2022-12-20,Train
2022-12-21,Train
2022-12-22,Train
2022-12-23,Train
2022-12-27,Train
2022-12-28,Train
2022-12-29,Train
2022-12-30,Train
2023-01-03,Val
2023-01-04,Val
2023-01-05,Val
2023-01-06,Val
2023-01-09,Val
2023-01-10,Val
2023-01-11,Val
2023-01-12,Val
2023-01-13,Val
2023-01-17,Val
2023-01-18,Val
2023-01-19,Val
2023-01-20,Val
2023-01-23,Val
2023-01-24,Val
2023-01-25,Val
2023-01-26,Val
2023-01-27,Val
2023-01-30,Val
2023-01-31,Val
2023-02-01,Val
2023-02-02,Val
2023-02-03,Val
2023-02-06,Val
2023-02-07,Val
2023-02-08,Val
2023-02-09,Val
2023-02-10,Val
2023-02-13,Val
2023-02-14,Val
2023-02-15,Val
2023-02-16,Val
2023-02-17,Val
2023-02-21,Val
2023-02-22,Val
2023-02-23,Val
2023-02-24,Val
2023-02-27,Val
2023-02-28,Val
2023-03-01,Val
2023-03-02,Val
2023-03-03,Val
2023-03-06,Val
2023-03-07,Val
2023-03-08,Val
2023-03-09,Val
2023-03-10,Val
2023-03-13,Val
2023-03-14,Val
2023-03-15,Val
2023-03-16,Val
2023-03-17,Val
2023-03-20,Val
2023-03-21,Val
2023-03-22,Val
2023-03-23,Val
2023-03-24,Val
2023-03-27,Val
2023-03-28,Val
2023-03-29,Val
2023-03-30,Val
2023-03-31,Val
2023-04-03,Val
2023-04-04,Val
2023-04-05,Val
2023-04-06,Val
2023-04-10,Val
2023-04-11,Val
2023-04-12,Val
2023-04-13,Val
2023-04-14,Val
2023-04-17,Val
2023-04-18,Val
2023-04-19,Val
2023-04-20,Val
2023-04-21,Val
2023-04-24,Val
2023-04-25,Val
2023-04-26,Val
2023-04-27,Val
2023-04-28,Val
2023-05-01,Val
2023-05-02,Val
2023-05-03,Val
2023-05-04,Val
2023-05-05,Val
2023-05-08,Val
2023-05-09,Val
2023-05-10,Val
2023-05-11,Val
2023-05-12,Val
2023-05-15,Val
2023-05-16,Val
2023-05-17,Val
2023-05-18,Val
2023-05-19,Val
2023-05-22,Val
2023-05-23,Val
2023-05-24,Val
2023-05-25,Val
2023-05-26,Val
2023-05-30,Val
2023-05-31,Val
2023-06-01,Test
2023-06-02,Test
2023-06-05,Test
2023-06-06,Test
2023-06-07,Test
2023-06-08,Test
2023-06-09,Test
2023-06-12,Test
2023-06-13,Test
2023-06-14,Test
2023-06-15,Test
2023-06-16,Test
2023-06-20,Test
2023-06-21,Test
2023-06-22,Test
2023-06-23,Test
2023-06-26,Test
2023-06-27,Test
2023-06-28,Test
2023-06-29,Test
2023-06-30,Test
2023-07-03,Test
2023-07-05,Test
2023-07-06,Test
2023-07-07,Test
2023-07-10,Test
2023-07-11,Test
2023-07-12,Test
2023-07-13,Test
2023-07-14,Test
2023-07-17,Test
2023-07-18,Test
2023-07-19,Test
2023-07-20,Test
2023-07-21,Test
2023-07-24,Test
2023-07-25,Test
2023-07-26,Test
2023-07-27,Test
2023-07-28,Test
2023-07-31,Test
2023-08-01,Test
2023-08-02,Test
2023-08-03,Test
2023-08-04,Test
2023-08-07,Test
2023-08-08,Test
2023-08-09,Test
2023-08-10,Test
2023-08-11,Test
2023-08-14,Test
2023-08-15,Test
2023-08-16,Test
2023-08-17,Test
2023-08-18,Test
2023-08-21,Test
2023-08-22,Test
2023-08-23,Test
2023-08-24,Test
2023-08-25,Test
2023-08-28,Test
2023-08-29,Test
2023-08-30,Test
2023-08-31,Test
2023-09-01,Test
2023-09-05,Test
2023-09-06,Test
2023-09-07,Test
2023-09-08,Test
2023-09-11,Test
2023-09-12,Test
2023-09-13,Test
2023-09-14,Test
2023-09-15,Test
2023-09-18,Test
2023-09-19,Test
2023-09-20,Test
2023-09-21,Test
2023-09-22,Test
2023-09-25,Test
2023-09-26,Test
2023-09-27,Test
2023-09-28,Test
2023-09-29,Test
2023-10-02,Test
2023-10-03,Test
2023-10-04,Test
2023-10-05,Test
2023-10-06,Test
2023-10-09,Test
2023-10-10,Test
2023-10-11,Test
2023-10-12,Test
2023-10-13,Test
2023-10-16,Test
2023-10-17,Test
2023-10-18,Test
2023-10-19,Test
2023-10-20,Test
2023-10-23,Test
2023-10-24,Test
2023-10-25,Test
2023-10-26,Test
2023-10-27,Test
2023-10-30,Test
2023-10-31,Test
2023-11-01,Test
2023-11-02,Test
2023-11-03,Test
2023-11-06,Test
2023-11-07,Test
2023-11-08,Test
2023-11-09,Test
2023-11-10,Test
2023-11-13,Test
2023-11-14,Test
2023-11-15,Test
2023-11-16,Test
2023-11-17,Test
2023-11-20,Test
2023-11-21,Test
2023-11-22,Test
2023-11-24,Test
2023-11-27,Test
2023-11-28,Test
2023-11-29,Test
2023-11-30,Test
2023-12-01,Test
2023-12-04,Test
2023-12-05,Test
2023-12-06,Test
2023-12-07,Test
2023-12-08,Test
2023-12-11,Test
2023-12-12,Test
2023-12-13,Test
2023-12-14,Test
2023-12-15,Test
2023-12-18,Test
2023-12-19,Test
2023-12-20,Test
2023-12-21,Test
2023-12-22,Test
2023-12-26,Test
2023-12-27,Test
2023-12-28,Test
